trial,n_estimators,max_depth,reg_val_mae,reg_val_cwa10,reg_val_cer25,clf_val_acc,clf_val_f1,score
7,200,,4.320155718575824,0.9772502472799208,0.0009891196834817012,0.9930761622156281,0.9930815747979699,3.7404763605803555
4,100,,4.329610179438699,0.9772502472799208,0.0009891196834817012,0.9930761622156281,0.9930815747979699,3.7400036375372117
9,200,20.0,4.331022424255141,0.9762611275964391,0.0009891196834817012,0.9930761622156281,0.9930815747979699,3.738943905612908
6,100,20.0,4.339932933625802,0.9762611275964391,0.0009891196834817012,0.9930761622156281,0.9930815747979699,3.738498380144375
3,50,20.0,4.385553682590453,0.9792284866468842,0.0009891196834817012,0.9920870425321464,0.9920944156209526,3.7362193032026068
1,50,,4.385148635627252,0.9772502472799208,0.0009891196834817012,0.9920870425321464,0.9920944156209526,3.7342613161838036
8,200,10.0,4.653303973797463,0.9742828882294757,0.0009891196834817012,0.9910979228486647,0.991102154463716,3.7149156897006477
5,100,10.0,4.675733691594547,0.973293768545994,0.0009891196834817012,0.9910979228486647,0.991102154463716,3.7128050841273117
2,50,10.0,4.710519657168374,0.9713155291790306,0.0009891196834817012,0.9910979228486647,0.991102154463716,3.709087546481657
