,fast_walk,jog,slow_walk
fast_walk,0.33471933471933474,0.6548856548856549,0.010395010395010396
jog,0.047424242424242424,0.9509090909090909,0.0016666666666666668
slow_walk,0.057692307692307696,0.10576923076923077,0.8365384615384616
